Num. Threads,Tempo(s),Speedup,Eficiência
1,10.588,1,1
2,4.867,2.175467434,0
4,4.178,2.534226903,0
8,4.629,2.287319075,0
16,4.277,2.475566986,0